sample_id,clay_pct,sand_pct,date_sampled
230061B,6.54,84.5,"August 1st, 2025"
250246A,100,0,"August 1st, 2025"
250246B,100,0,"August 1st, 2025"
250247B,100,0,"August 1st, 2025"
250394C,46.3,42.6,"August 1st, 2025"
250394D,44.8,43.5,"August 1st, 2025"
250410A,42.5,47.3,"August 1st, 2025"
250410B,43.9,46.7,"August 1st, 2025"
250510A,63.9,28.4,"August 1st, 2025"
250513B,23.8,62.7,"August 1st, 2025"
230061A,6.35,84.4,"August 4th, 2025"
230062A,41.4,47,"August 4th, 2025"
230062B,40.4,49.4,"August 4th, 2025"
250247A,100,0,"August 4th, 2025"
250510B,62.7,29.6,"August 4th, 2025"
250513A,25.3,61,"August 4th, 2025"
250197B,6.35,82.9,"December 12th, 2025"
250201B,7.24,81,"December 12th, 2025"
250205B,10.9,70.2,"December 12th, 2025"
250206B,12.7,71.4,"December 12th, 2025"
250210B,9.36,81.6,"December 12th, 2025"
250212B,43.6,47.2,"December 12th, 2025"
250213B,61.4,33.5,"December 12th, 2025"
250220B,6.1,87.8,"December 12th, 2025"
250221B,6.85,87,"December 12th, 2025"
250236B,5.46,85.5,"December 12th, 2025"
250240B,5.17,85.2,"December 12th, 2025"
250241B,26.1,62,"December 12th, 2025"
250244B,6.14,84.5,"December 12th, 2025"
250248B,4.59,86.4,"December 12th, 2025"
250249B,12,73.3,"December 12th, 2025"
250253B,5.55,84.1,"December 12th, 2025"
250254B,5.73,83.6,"December 12th, 2025"
250256B,51.6,39.3,"December 12th, 2025"
250257B,70.6,25.2,"December 12th, 2025"
250263B,6.19,82.1,"December 12th, 2025"
250264B,6.22,82.2,"December 12th, 2025"
250265B,8.97,77.7,"December 12th, 2025"
250266B,22,64.4,"December 12th, 2025"
250267B,39.9,49.5,"December 12th, 2025"
250270B,7.39,78.8,"December 12th, 2025"
250271B,7.71,78.5,"December 12th, 2025"
250272B,12.2,73.7,"December 12th, 2025"
250273B,16.7,70.8,"December 12th, 2025"
250266B,11.4,76.5,"December 12th, 2025"
250275B,64.2,30.2,"December 12th, 2025"
250465B,23.4,62.7,"December 12th, 2025"
250468B,4.44,88,"December 12th, 2025"
250469B,9.37,79.6,"December 12th, 2025"
250470B,10.5,77.9,"December 12th, 2025"
250471B,27,64.2,"December 12th, 2025"
250480B,35.5,51.6,"December 12th, 2025"
250414B,16.8,71.3,"December 17th, 2025"
250415B,30.7,61.3,"December 17th, 2025"
250416B,26.6,65.5,"December 17th, 2025"
250417B,5.36,90.3,"December 17th, 2025"
250418B,12.2,70.6,"December 17th, 2025"
250419B,5.83,91.4,"December 17th, 2025"
250420B,5.94,82.6,"December 17th, 2025"
250421B,9.26,81.5,"December 17th, 2025"
250422B,4.72,87.9,"December 17th, 2025"
250423B,13,77.2,"December 17th, 2025"
250472B,12.8,79.1,"December 17th, 2025"
250473B,20.8,62.8,"December 17th, 2025"
250474B,29.6,53,"December 17th, 2025"
250479B,5.58,84.2,"December 17th, 2025"
250484B,4.49,87.7,"December 17th, 2025"
250485B,5.9,85.7,"December 17th, 2025"
250486B,6.34,83,"December 17th, 2025"
250487B,4.86,87.5,"December 17th, 2025"
250488B,4.38,89.3,"December 17th, 2025"
250489B,4.07,89,"December 17th, 2025"
250490B,40.8,48.2,"December 17th, 2025"
250493B,5.57,84.7,"December 17th, 2025"
250494B,27.7,58.9,"December 17th, 2025"
250495B,39.8,49.2,"December 17th, 2025"
250498B,4.35,88.3,"December 17th, 2025"
250499B,10.3,78.9,"December 17th, 2025"
250500B,12.5,76.1,"December 17th, 2025"
250501B,12.7,76.3,"December 17th, 2025"
250502B,20.7,70,"December 17th, 2025"
250503B,11,82.7,"December 17th, 2025"
250504B,40.3,51.2,"December 17th, 2025"
250505B,34.8,56.1,"December 17th, 2025"
250506B,32.2,58.7,"December 17th, 2025"
250507B,28.9,64.5,"December 17th, 2025"
250508B,6.32,84.5,"December 17th, 2025"
250513B,14.4,73.2,"December 17th, 2025"
250424B,20.3,69.2,"December 18th, 2025"
250425B,22.8,66.8,"December 18th, 2025"
250426B,24.1,68,"December 18th, 2025"
250427B,6.32,82.9,"December 18th, 2025"
250428B,11.6,75.1,"December 18th, 2025"
250429B,23,66,"December 18th, 2025"
250430B,23.9,67.1,"December 18th, 2025"
250431B,5.51,86.6,"December 18th, 2025"
250432B,5.59,86.9,"December 18th, 2025"
250433B,17.9,69.5,"December 18th, 2025"
250434B,34.1,56.3,"December 18th, 2025"
250435B,38.5,52.9,"December 18th, 2025"
250436B,38.6,54.6,"December 18th, 2025"
250437B,5.22,84.8,"December 18th, 2025"
250438B,16.5,67.2,"December 18th, 2025"
250439B,11.2,76.6,"December 18th, 2025"
250440B,8.84,79,"December 18th, 2025"
250441B,8.69,79.8,"December 18th, 2025"
250442B,5.42,85.4,"December 18th, 2025"
250443B,7.88,83.6,"December 18th, 2025"
250447B,7.55,83.7,"December 18th, 2025"
250448B,4.33,92.6,"December 18th, 2025"
250451B,4.63,87,"December 18th, 2025"
250452B,5.29,85.2,"December 18th, 2025"
250453B,6.4,83.2,"December 18th, 2025"
250454B,6.71,82.5,"December 18th, 2025"
250455B,6.24,83,"December 18th, 2025"
250456B,5.03,85.9,"December 18th, 2025"
250457B,7.55,81.9,"December 18th, 2025"
250458B,8.07,82,"December 18th, 2025"
250459B,4.61,87.6,"December 18th, 2025"
250460B,7.77,80.8,"December 18th, 2025"
250461B,9.7,78.9,"December 18th, 2025"
250462B,17.3,71.4,"December 18th, 2025"
250463B,5.18,85.3,"December 18th, 2025"
250466B,17.6,68.5,"December 18th, 2025"
250197C,6.94,82,"January 14th, 2026"
250206C,15.1,68.7,"January 14th, 2026"
250212C,40.9,50.5,"January 14th, 2026"
250219C,4.41,90.2,"January 14th, 2026"
250221C,8.9,84.3,"January 14th, 2026"
250241C,28.3,58.7,"January 14th, 2026"
250266C,24.8,62.3,"January 14th, 2026"
250267C,37.2,52.3,"January 14th, 2026"
250273C,16.8,69.9,"January 14th, 2026"
250413C,21.2,67.2,"January 14th, 2026"
250416C,28.5,63,"January 14th, 2026"
250421C,8.98,81.9,"January 14th, 2026"
250423C,13.6,76.5,"January 14th, 2026"
250430C,25.1,65.9,"January 14th, 2026"
250433C,16.7,71.7,"January 14th, 2026"
250434C,35.5,54.9,"January 14th, 2026"
250435C,38.7,52.3,"January 14th, 2026"
250436C,42.4,50.6,"January 14th, 2026"
250438C,16.5,66.9,"January 14th, 2026"
250443C,8.46,83.5,"January 14th, 2026"
250447C,10.6,80.3,"January 14th, 2026"
250462C,17.3,73.1,"January 14th, 2026"
250468C,4.6,87.8,"January 14th, 2026"
250469C,10,79,"January 14th, 2026"
250471C,23.9,67.2,"January 14th, 2026"
250472C,13.8,78,"January 14th, 2026"
250480C,30,57.5,"January 14th, 2026"
250490C,39.1,50.3,"January 14th, 2026"
250495C,35.2,54,"January 14th, 2026"
250501C,14.7,74.6,"January 14th, 2026"
250505C,33.1,57.9,"January 14th, 2026"
250506C,32.1,59.4,"January 14th, 2026"
250507C,28.1,65.7,"January 14th, 2026"
250514C,11.5,76.3,"January 14th, 2026"
250515C,19.3,70.6,"January 14th, 2026"
250516C,11,80.3,"January 14th, 2026"
250524C,35.3,54.7,"January 14th, 2026"
250203B,61.1,33.1,"January 7th, 2025"
250208B,54.7,38.1,"January 7th, 2025"
250210B,43.1,48.4,"January 7th, 2025"
250219B,17.2,72.1,"January 7th, 2025"
250230B,40.2,49.8,"January 7th, 2025"
250231B,24.8,41.5,"January 7th, 2025"
250232B,28.6,52.2,"January 7th, 2025"
250233B,48.2,39.7,"January 7th, 2025"
250234B,61.7,31,"January 7th, 2025"
250235B,61.9,32.7,"January 7th, 2025"
250238B,66.5,28,"January 7th, 2025"
250239B,62.4,32.9,"January 7th, 2025"
250242B,51.1,41.9,"January 7th, 2025"
250243B,69.4,26.5,"January 7th, 2025"
250245B,40.1,49.4,"January 7th, 2025"
250250B,48.7,41.5,"January 7th, 2025"
250317B,44,45.9,"January 7th, 2025"
250444B,52,40.4,"January 7th, 2025"
250468B,55.9,37.4,"January 7th, 2025"
250476B,58,32.5,"January 7th, 2025"
250481B,41.4,48.5,"January 7th, 2025"
250509B,56.4,37.6,"January 7th, 2025"
250514B,12.7,74.7,"January 7th, 2025"
250515B,20.5,69.5,"January 7th, 2025"
250516B,13.4,77.4,"January 7th, 2025"
250517B,4.6,87.5,"January 7th, 2025"
250518B,22.4,66.1,"January 7th, 2025"
250524B,35.3,54.5,"January 7th, 2025"
250525B,57.9,36.6,"January 7th, 2025"
250526B,59.8,36.2,"January 7th, 2025"
250204B,67.3,28.7,"January 8th, 2025"
250246B,67.3,28.3,"January 8th, 2025"
250247B,73.1,23.6,"January 8th, 2025"
250251B,65.4,29.3,"January 8th, 2025"
250252B,70.5,25.3,"January 8th, 2025"
250269B,66.3,29.3,"January 8th, 2025"
250274C,32.7,56.6,"January 8th, 2025"
250278B,48.2,46.8,"January 8th, 2025"
250445B,67,29.3,"January 8th, 2025"
250446B,64.9,30.7,"January 8th, 2025"
250449B,62.6,32.4,"January 8th, 2025"
250450B,74.8,22.5,"January 8th, 2025"
250464B,12.3,73.8,"January 8th, 2025"
250467B,67.1,29,"January 8th, 2025"
250475B,58,33,"January 8th, 2025"
250477B,65.4,28.9,"January 8th, 2025"
250478B,68,27.6,"January 8th, 2025"
250482B,66.7,28.3,"January 8th, 2025"
250483B,66.2,29.6,"January 8th, 2025"
250491B,57.7,35.2,"January 8th, 2025"
250492B,70.6,26,"January 8th, 2025"
250496B,61.4,32.2,"January 8th, 2025"
250497B,68.6,27.2,"January 8th, 2025"
250511B,67.5,28.6,"January 8th, 2025"
250512B,5.1,86.1,"January 8th, 2025"
250520B,50.3,43.6,"January 8th, 2025"
250522B,7.16,84.8,"January 8th, 2025"
250523B,10.7,79.5,"January 8th, 2025"
250197A,10.3,76.9,"July 10th, 2025"
250201A,8.89,77.4,"July 10th, 2025"
250203A,92.2,6.44,"July 10th, 2025"
250204A,100,0,"July 10th, 2025"
250205A,13,67.2,"July 10th, 2025"
250210A,16.5,73.5,"July 10th, 2025"
250220A,9.54,84.1,"July 10th, 2025"
250230A,49.7,40.5,"July 10th, 2025"
250231A,31.9,29.7,"July 10th, 2025"
250232A,43.6,35.7,"July 10th, 2025"
250233A,63.5,25.8,"July 10th, 2025"
250234A,94.8,4.84,"July 10th, 2025"
250235A,99,0.97,"July 10th, 2025"
250236A,6.14,83.8,"July 10th, 2025"
250239A,99.6,0.37,"July 10th, 2025"
250240A,5.31,84.9,"July 10th, 2025"
250241A,41,46,"July 10th, 2025"
250242A,67.4,24.7,"July 10th, 2025"
250243A,98.1,1.58,"July 10th, 2025"
250244A,7.8,82.4,"July 10th, 2025"
250245A,62.3,28.2,"July 10th, 2025"
250246A,100,0,"July 10th, 2025"
250247A,100,0,"July 10th, 2025"
250248A,5.89,83.9,"July 10th, 2025"
250249A,17.2,68.3,"July 10th, 2025"
250250A,67.6,24,"July 10th, 2025"
250251A,100,0,"July 10th, 2025"
250252A,100,0,"July 10th, 2025"
250263A,6.86,80.8,"July 10th, 2025"
250506A,40.9,50.9,"July 10th, 2025"
250507A,46,47.7,"July 10th, 2025"
250509A,77.5,19.2,"July 10th, 2025"
250510A,71.8,21.9,"July 10th, 2025"
250206A,21.1,61.8,"July 16th, 2025"
250208A,75.8,18.1,"July 16th, 2025"
250212A,53.1,37.8,"July 16th, 2025"
250213A,70.8,25.7,"July 16th, 2025"
250221A,14,79,"July 16th, 2025"
250253A,6.52,81.2,"July 16th, 2025"
250254A,6.69,81.2,"July 16th, 2025"
250256A,60.5,31.3,"July 16th, 2025"
250257A,78.2,18.3,"July 16th, 2025"
250264A,6.96,80.4,"July 16th, 2025"
250265A,12.6,71.3,"July 16th, 2025"
250266A,32.4,53.5,"July 16th, 2025"
250267A,48.5,41.5,"July 16th, 2025"
250268A,73,21.7,"July 16th, 2025"
250269A,100,0,"July 16th, 2025"
250270A,8.35,76.9,"July 16th, 2025"
250271A,9.5,74.8,"July 16th, 2025"
250272A,18.3,67.2,"July 16th, 2025"
250273A,26.8,59.8,"July 16th, 2025"
250274A,43.4,46,"July 16th, 2025"
250275A,72.9,22.6,"July 16th, 2025"
250255C,44,43,"July 2nd, 2025"
250259C,6.94,85.9,"July 2nd, 2025"
250313C,20.9,66.4,"July 2nd, 2025"
250388C,47.4,45.8,"July 2nd, 2025"
250445B,99.2,0.64,"July 2nd, 2025"
250450B,100,0,"July 2nd, 2025"
250479A,6.25,82.1,"July 2nd, 2025"
250480A,44.2,43.6,"July 2nd, 2025"
250481A,59,30.7,"July 2nd, 2025"
250482A,99.6,0.39,"July 2nd, 2025"
250483A,100,0,"July 2nd, 2025"
250484A,4.7,87.4,"July 2nd, 2025"
250485A,7.55,83.2,"July 2nd, 2025"
250486A,7.51,81.2,"July 2nd, 2025"
250487A,6.03,85.5,"July 2nd, 2025"
250488A,4.33,90.3,"July 2nd, 2025"
250489A,6.97,84.2,"July 2nd, 2025"
250490A,49.1,40.8,"July 2nd, 2025"
250491A,74.7,20,"July 2nd, 2025"
250492A,100,0,"July 2nd, 2025"
250493A,7.34,80.7,"July 2nd, 2025"
250494A,36.2,51.3,"July 2nd, 2025"
250495A,48.5,41.1,"July 2nd, 2025"
250496A,94.3,4.9,"July 2nd, 2025"
250497A,100,0,"July 2nd, 2025"
250498A,5.33,86.3,"July 2nd, 2025"
250500A,19.2,68.8,"July 2nd, 2025"
250501A,23.4,64.7,"July 2nd, 2025"
250502A,30.7,60.8,"July 2nd, 2025"
250503A,7.35,85.2,"July 2nd, 2025"
230048C,51,41.8,"July 3rd, 2024"
230048D,49,43.7,"July 3rd, 2024"
230050C,55.3,37.6,"July 3rd, 2024"
230050D,54.4,38,"July 3rd, 2024"
230054A,28,64.1,"July 3rd, 2024"
230054B,31.7,60.1,"July 3rd, 2024"
230055A,21.5,71.2,"July 3rd, 2024"
230055B,25.2,67.2,"July 3rd, 2024"
230056A,5.44,85.8,"July 3rd, 2024"
230056B,5.35,85.8,"July 3rd, 2024"
230057A,44.9,44.2,"July 3rd, 2024"
230057B,45.5,43.6,"July 3rd, 2024"
230058A,63.7,29.7,"July 3rd, 2024"
230058B,64.9,28.4,"July 3rd, 2024"
230059A,67.1,27.8,"July 3rd, 2024"
230059B,65.4,29.2,"July 3rd, 2024"
230060A,66.4,29.1,"July 3rd, 2024"
230060B,69,26.9,"July 3rd, 2024"
230061A,9.11,82.3,"July 3rd, 2024"
230061B,4.94,87.6,"July 3rd, 2024"
230062A,31.5,57.6,"July 3rd, 2024"
230062B,31.8,58.1,"July 3rd, 2024"
230063A,33.6,56.4,"July 3rd, 2024"
230063B,32.7,57.9,"July 3rd, 2024"
230064A,37.1,56.1,"July 3rd, 2024"
230064B,43.2,49.9,"July 3rd, 2024"
230065A,33.9,59.2,"July 3rd, 2024"
230065B,29.9,64.2,"July 3rd, 2024"
230066A,30.2,63.8,"July 3rd, 2024"
230066B,32.4,60.5,"July 3rd, 2024"
240337D,11.7,77.2,"July 3rd, 2024"
240337E,18.5,69.5,"July 3rd, 2024"
240362C,56,39.6,"July 3rd, 2024"
240362D,53.1,42.7,"July 3rd, 2024"
240369C,53.8,38.8,"July 3rd, 2024"
240369D,54.5,39.2,"July 3rd, 2024"
250445T,99.2,0.65,"July 8th, 2025"
250446T,80.1,17.4,"July 8th, 2025"
250449T,88.4,9.92,"July 8th, 2025"
250450T,100,0,"July 8th, 2025"
250467T,93.1,5.62,"July 8th, 2025"
250477T,100,0,"July 8th, 2025"
250478T,100,0,"July 8th, 2025"
250482T,92.9,5.66,"July 8th, 2025"
250483T,100,0,"July 8th, 2025"
250492T,100,0,"July 8th, 2025"
250496T,75.2,21,"July 8th, 2025"
250497T,94.1,4.95,"July 8th, 2025"
250510A,39,52,"July 9th, 2025"
250413A,20.6,66.7,"July 9th, 2025"
250418A,13.9,68.4,"July 9th, 2025"
250428A,19.2,67,"July 9th, 2025"
250465A,30.3,56.3,"July 9th, 2025"
250466A,31.9,53.9,"July 9th, 2025"
250476A,82.6,11.9,"July 9th, 2025"
250499A,16.7,71,"July 9th, 2025"
250504A,47,45,"July 9th, 2025"
250505A,43.8,48.3,"July 9th, 2025"
250508A,8.86,81.8,"July 9th, 2025"
250511A,100,0,"July 9th, 2025"
250512A,5.33,85.3,"July 9th, 2025"
250514A,24.2,62.6,"July 9th, 2025"
250515A,35.1,55.4,"July 9th, 2025"
250516A,21,69.9,"July 9th, 2025"
250517A,4.69,87.4,"July 9th, 2025"
250518A,34.4,53.2,"July 9th, 2025"
250519A,27.6,59.9,"July 9th, 2025"
250520A,66.5,28.5,"July 9th, 2025"
250521A,61.2,33.4,"July 9th, 2025"
250522A,6.18,85,"July 9th, 2025"
250523A,17.9,71.9,"July 9th, 2025"
250524A,46.5,43.8,"July 9th, 2025"
250525A,91.2,6.94,"July 9th, 2025"
250526A,94.5,4.54,"July 9th, 2025"
250368A,47.5,45,"June 11th, 2025"
250368B,47.8,44.1,"June 11th, 2025"
250369A,5.6,84.7,"June 11th, 2025"
250369B,5.25,85.5,"June 11th, 2025"
250370A,32.7,53.8,"June 11th, 2025"
250370B,33,53.1,"June 11th, 2025"
250371A,26.2,60.7,"June 11th, 2025"
250371B,26.6,61.2,"June 11th, 2025"
250372A,31.6,57.9,"June 11th, 2025"
250372B,31.1,58.1,"June 11th, 2025"
250373A,29.5,60.1,"June 11th, 2025"
250373B,30.9,58,"June 11th, 2025"
250374A,5.16,86.3,"June 11th, 2025"
250374B,4.82,86.5,"June 11th, 2025"
250375A,13.4,72.1,"June 11th, 2025"
250375B,13.1,72.8,"June 11th, 2025"
250376A,11.9,73.8,"June 11th, 2025"
250376B,11.4,74.2,"June 11th, 2025"
250377A,10.6,75.9,"June 11th, 2025"
250377B,12,74.3,"June 11th, 2025"
250378A,6.32,83.4,"June 11th, 2025"
250378B,6.56,82.9,"June 11th, 2025"
250379A,5.97,84.5,"June 11th, 2025"
250379B,5.44,85.5,"June 11th, 2025"
250380A,16.6,67.5,"June 11th, 2025"
250380B,16.4,67.6,"June 11th, 2025"
250381A,35.8,49.9,"June 11th, 2025"
250381B,35.9,49.5,"June 11th, 2025"
250382A,42.6,46.5,"June 11th, 2025"
250382B,41,48.3,"June 11th, 2025"
240341A,4.68,87.2,"June 12, 2024"
240341B,5.47,85,"June 12, 2024"
240342A,4.99,86.8,"June 12, 2024"
240342B,4.92,87.1,"June 12, 2024"
240343A,21.2,66.9,"June 12, 2024"
240343B,23.3,64.1,"June 12, 2024"
240344A,23.7,65.5,"June 12, 2024"
240344B,19.9,69.8,"June 12, 2024"
240345A,17.6,73.6,"June 12, 2024"
240345B,21.3,69,"June 12, 2024"
240346A,6.09,82.3,"June 12, 2024"
240346B,5.89,82.2,"June 12, 2024"
240347A,5.25,87.2,"June 12, 2024"
240347B,5.71,86,"June 12, 2024"
240348A,23.4,62,"June 12, 2024"
240348B,23,62.5,"June 12, 2024"
240349A,8.8,80.1,"June 12, 2024"
240349B,9.69,78.3,"June 12, 2024"
240350A,7.38,83,"June 12, 2024"
240350B,8.77,80.3,"June 12, 2024"
240351A,8.01,83.1,"June 12, 2024"
240351B,8.92,81.5,"June 12, 2024"
240352A,5.25,85.4,"June 12, 2024"
240352B,5.39,84.8,"June 12, 2024"
240353A,5.79,83.7,"June 12, 2024"
240353B,6,82.7,"June 12, 2024"
240354A,6.45,83,"June 12, 2024"
240354B,6.26,83.2,"June 12, 2024"
240355A,7.15,82.6,"June 12, 2024"
240355B,7.34,82.1,"June 12, 2024"
250383A,41.4,49.5,"June 12th, 2025"
250383B,39.5,51.6,"June 12th, 2025"
250384A,4.58,88.1,"June 12th, 2025"
250384B,4.87,86.6,"June 12th, 2025"
250386A,30.3,57.4,"June 12th, 2025"
250386B,31.7,56,"June 12th, 2025"
250387A,46.7,44.8,"June 12th, 2025"
250387B,48.8,43.5,"June 12th, 2025"
250388A,52.1,40.3,"June 12th, 2025"
250388B,47.2,45.5,"June 12th, 2025"
250389A,3.99,89.3,"June 12th, 2025"
250389B,3.71,90.2,"June 12th, 2025"
250390A,8.19,76.6,"June 12th, 2025"
250390B,9.14,73.9,"June 12th, 2025"
250391A,12.5,75.6,"June 12th, 2025"
250391B,11.5,77.2,"June 12th, 2025"
250392A,45,45.4,"June 12th, 2025"
250392B,46,43.1,"June 12th, 2025"
250393A,45.3,42.2,"June 12th, 2025"
250393B,43.9,43.1,"June 12th, 2025"
250394A,45.5,42.9,"June 12th, 2025"
250394B,44.9,43.6,"June 12th, 2025"
250395A,5.05,85.7,"June 12th, 2025"
250395B,4.95,85.9,"June 12th, 2025"
250396A,6.17,84.3,"June 12th, 2025"
250396B,6.36,84.2,"June 12th, 2025"
250397A,22,62.6,"June 12th, 2025"
250397B,21,63.9,"June 12th, 2025"
250398A,8.09,80.3,"June 12th, 2025"
250398B,8.05,80.4,"June 12th, 2025"
250385A,21.3,65.5,"June 18th, 2025"
250385B,21.1,66.4,"June 18th, 2025"
250399A,8.74,79.8,"June 18th, 2025"
250399B,8.42,80.3,"June 18th, 2025"
250400A,7.23,82.3,"June 18th, 2025"
250400B,6.95,83.1,"June 18th, 2025"
250401A,7.58,83,"June 18th, 2025"
250401B,7.05,83.9,"June 18th, 2025"
250402A,6.07,83.6,"June 18th, 2025"
250402B,6.23,82.8,"June 18th, 2025"
250403A,26.8,60,"June 18th, 2025"
250403B,26.7,60.3,"June 18th, 2025"
250404A,44,44.6,"June 18th, 2025"
250404B,41.7,46.8,"June 18th, 2025"
250405A,57.7,35.9,"June 18th, 2025"
250405B,56.8,36.2,"June 18th, 2025"
250406A,52.5,40.2,"June 18th, 2025"
250406B,53,39.6,"June 18th, 2025"
250407A,9.21,78.8,"June 18th, 2025"
250407B,9.15,78.4,"June 18th, 2025"
250408A,28.1,57.8,"June 18th, 2025"
250408B,26.7,59.7,"June 18th, 2025"
250409A,35.8,50.7,"June 18th, 2025"
250409B,36.6,49.9,"June 18th, 2025"
250411A,35.6,55.7,"June 18th, 2025"
250411B,37.5,53.2,"June 18th, 2025"
250412A,5.01,87.2,"June 18th, 2025"
250412B,5.25,86.7,"June 18th, 2025"
250413A,35.7,51.5,"June 18th, 2025"
250413B,34.6,53.2,"June 18th, 2025"
240356A,7.1,82.8,"June 21st, 2024"
240356B,7.18,83.3,"June 21st, 2024"
240357A,10.1,81,"June 21st, 2024"
240357B,8.18,83.8,"June 21st, 2024"
240358A,6.23,83.1,"June 21st, 2024"
240358B,6.27,82.7,"June 21st, 2024"
240359A,10.8,78.1,"June 21st, 2024"
240359B,10.7,78.1,"June 21st, 2024"
240360A,14.7,75.5,"June 21st, 2024"
240360B,18.5,71.3,"June 21st, 2024"
240361A,23.6,67.1,"June 21st, 2024"
240361B,22.8,68,"June 21st, 2024"
240362A,33.2,62.4,"June 21st, 2024"
240362B,54.7,40.9,"June 21st, 2024"
240363A,5.34,85.9,"June 21st, 2024"
240363B,4.96,86.7,"June 21st, 2024"
240364A,10.1,78.9,"June 21st, 2024"
240364B,10,79.5,"June 21st, 2024"
240365A,58.3,34,"June 21st, 2024"
240365B,58.8,33.8,"June 21st, 2024"
240366A,61.3,33,"June 21st, 2024"
240366B,59,35.1,"June 21st, 2024"
240367A,5.31,86.4,"June 21st, 2024"
240367B,5.09,86.9,"June 21st, 2024"
240368A,42.7,47.3,"June 21st, 2024"
240368B,39.5,50.2,"June 21st, 2024"
240369A,48,44.6,"June 21st, 2024"
240369B,54.3,38,"June 21st, 2024"
240370A,69.5,27.2,"June 21st, 2024"
240370B,66.8,29.3,"June 21st, 2024"
250414A,24.1,63.7,"June 25th, 2025"
250415A,43.1,49.1,"June 25th, 2025"
250416A,37.7,55,"June 25th, 2025"
250417A,5.8,90,"June 25th, 2025"
250419A,6.48,90.6,"June 25th, 2025"
250420A,6.82,81.4,"June 25th, 2025"
250421A,14.8,74.3,"June 25th, 2025"
250422A,7.15,84.9,"June 25th, 2025"
250423A,23.1,67.2,"June 25th, 2025"
250424A,31,59,"June 25th, 2025"
250425A,29.2,61,"June 25th, 2025"
250426A,33.9,58.5,"June 25th, 2025"
250427A,7.81,80.1,"June 25th, 2025"
250429A,34.3,55,"June 25th, 2025"
250430A,36.2,55.2,"June 25th, 2025"
250431A,7.35,83.8,"June 25th, 2025"
250432A,7.54,83.9,"June 25th, 2025"
250433A,26.8,61.4,"June 25th, 2025"
250434A,45.6,45.1,"June 25th, 2025"
250435A,49,41.8,"June 25th, 2025"
250436A,49,43.7,"June 25th, 2025"
250437A,5.92,83.4,"June 25th, 2025"
250438A,27.8,53.7,"June 25th, 2025"
250439A,17.2,68.9,"June 25th, 2025"
250440A,11.3,76.8,"June 25th, 2025"
250441A,11.6,75.9,"June 25th, 2025"
250442A,7.06,83.2,"June 25th, 2025"
250443A,15.6,75,"June 25th, 2025"
250444A,69,25.6,"June 25th, 2025"
250445A,100,0,"June 25th, 2025"
250446A,89.1,10.1,"June 26th, 2025"
250447A,14.2,76.6,"June 26th, 2025"
250448A,6.02,91.4,"June 26th, 2025"
250449A,84.1,12.8,"June 26th, 2025"
250450A,100,0,"June 26th, 2025"
250451A,5.96,83.3,"June 26th, 2025"
250452A,5.87,83.4,"June 26th, 2025"
250453A,7.8,80.3,"June 26th, 2025"
250454A,8.86,78.2,"June 26th, 2025"
250455A,6.91,81.3,"June 26th, 2025"
250456A,5.23,85.6,"June 26th, 2025"
250457A,10.4,78.7,"June 26th, 2025"
250458A,9.1,81.8,"June 26th, 2025"
250459A,4.76,87.5,"June 26th, 2025"
250460A,9.09,77.9,"June 26th, 2025"
250461A,16.3,71.1,"June 26th, 2025"
250462A,26,62.2,"June 26th, 2025"
250463A,5.52,84.1,"June 26th, 2025"
250464A,14.8,69.9,"June 26th, 2025"
250467A,99.3,0.67,"June 26th, 2025"
250468A,4.07,89.1,"June 26th, 2025"
250469A,13.8,74.4,"June 26th, 2025"
250470A,14.9,72.2,"June 26th, 2025"
250471A,37.5,54.6,"June 26th, 2025"
250472A,22.4,69.6,"June 26th, 2025"
250473A,21.5,62.3,"June 26th, 2025"
250474A,34.5,48.5,"June 26th, 2025"
250475A,74,19.2,"June 26th, 2025"
250477A,96.3,2.81,"June 26th, 2025"
250478A,88.5,10.4,"June 26th, 2025"
230045A,7.31,82.6,"June 28th, 2024"
230045B,6.62,83.8,"June 28th, 2024"
230046A,59.4,34.1,"June 28th, 2024"
230046B,60.1,33.1,"June 28th, 2024"
230047A,29.8,61.2,"June 28th, 2024"
230047B,27.9,63.1,"June 28th, 2024"
230048A,50.5,41.6,"June 28th, 2024"
230048B,59.1,34.9,"June 28th, 2024"
230049A,6.64,85.2,"June 28th, 2024"
230049B,10.4,80.6,"June 28th, 2024"
230050A,56.6,36.4,"June 28th, 2024"
230050B,51,42.6,"June 28th, 2024"
230051A,4.93,86.8,"June 28th, 2024"
230051B,4.72,87.3,"June 28th, 2024"
230052A,16.8,70.6,"June 28th, 2024"
230052B,17.3,69.3,"June 28th, 2024"
230053A,23,64.3,"June 28th, 2024"
230053B,22.2,65.2,"June 28th, 2024"
240332C,7.95,81,"June 28th, 2024"
240337C,18.1,69.6,"June 28th, 2024"
240371A,7.35,80.9,"June 28th, 2024"
240371B,7.56,80.5,"June 28th, 2024"
240372A,7.56,79.8,"June 28th, 2024"
240372B,7.46,80.1,"June 28th, 2024"
240373A,66.4,28.3,"June 28th, 2024"
240373B,66.6,27.8,"June 28th, 2024"
240374A,66.9,28.2,"June 28th, 2024"
240374B,66.6,28.6,"June 28th, 2024"
250329B,11.9,73.4,"June 2nd, 2025"
250330A,13.3,72.7,"June 2nd, 2025"
250330B,13.8,72.7,"June 2nd, 2025"
250331A,52,40.6,"June 2nd, 2025"
250331B,47.1,44.4,"June 2nd, 2025"
250332A,5.51,84.3,"June 2nd, 2025"
250332B,5.79,83.4,"June 2nd, 2025"
250333A,27.4,59.8,"June 2nd, 2025"
250333B,26.3,60.6,"June 2nd, 2025"
250334A,27.5,59.6,"June 2nd, 2025"
250334B,27.4,59.2,"June 2nd, 2025"
250335A,40.4,49.4,"June 2nd, 2025"
250335B,41.2,48.6,"June 2nd, 2025"
250336A,49.6,42.3,"June 2nd, 2025"
250336B,50.3,41.8,"June 2nd, 2025"
250337A,8.18,76.8,"June 2nd, 2025"
250337B,8.41,76.7,"June 2nd, 2025"
250338A,6.31,83.8,"June 4th, 2025"
250338B,6.61,82.9,"June 4th, 2025"
250339A,8.58,76.1,"June 4th, 2025"
250339B,10.2,72.2,"June 4th, 2025"
250340A,32.1,53.2,"June 4th, 2025"
250340B,29.2,56.2,"June 4th, 2025"
250341A,37.3,49.7,"June 4th, 2025"
250341B,41,45.9,"June 4th, 2025"
250342A,15.7,75,"June 4th, 2025"
250342B,14.5,77.5,"June 4th, 2025"
250343A,3.88,92.1,"June 4th, 2025"
250343B,3.72,92.5,"June 4th, 2025"
250344A,7.44,78.7,"June 4th, 2025"
250344B,7.11,80.3,"June 4th, 2025"
250345A,36.9,48.9,"June 4th, 2025"
250345B,36.5,50,"June 4th, 2025"
250346A,37,48.9,"June 4th, 2025"
250346B,38.6,47.2,"June 4th, 2025"
250347A,38.8,49.7,"June 4th, 2025"
250347B,38.4,49.5,"June 4th, 2025"
250348A,35.3,54.7,"June 4th, 2025"
250348B,35.2,55.4,"June 4th, 2025"
250349A,5.58,85.2,"June 4th, 2025"
250349B,5.22,85.7,"June 4th, 2025"
250350A,16.5,68.6,"June 4th, 2025"
250350B,18.9,65.8,"June 4th, 2025"
250351A,23,62.9,"June 4th, 2025"
250351B,22.4,62.9,"June 4th, 2025"
250352A,34.3,54.1,"June 4th, 2025"
250352B,33.6,54.3,"June 4th, 2025"
240327A,7.42,82.8,"June 5, 2024"
240327B,6.67,84.2,"June 5, 2024"
240328A,48.6,42.9,"June 5, 2024"
240328B,46.9,44.7,"June 5, 2024"
240329A,53.9,38.7,"June 5, 2024"
240329B,49.6,43.1,"June 5, 2024"
240330A,61.8,33.7,"June 5, 2024"
240330B,57.6,37.7,"June 5, 2024"
240331A,5.43,85.7,"June 5, 2024"
240331B,5.37,86,"June 5, 2024"
240332A,17.1,64.3,"June 5, 2024"
240332B,8.21,80.7,"June 5, 2024"
240333A,46.8,43.8,"June 5, 2024"
240333B,48.1,42.1,"June 5, 2024"
240334A,75.9,20.8,"June 5, 2024"
240334B,74.8,21.6,"June 5, 2024"
240335A,78.9,18.8,"June 5, 2024"
240335B,81.1,16.2,"June 5, 2024"
240336A,6.03,83.9,"June 5, 2024"
240336B,5.67,85,"June 5, 2024"
240337A,12.2,75.6,"June 5, 2024"
240337B,43.8,37.2,"June 5, 2024"
240338A,47.1,42.2,"June 5, 2024"
240338B,45.8,43.7,"June 5, 2024"
240339A,67.1,27.2,"June 5, 2024"
240339B,67.8,26.5,"June 5, 2024"
240340A,77.5,19.2,"June 5, 2024"
240340B,79,18.4,"June 5, 2024"
250353A,30.9,58.1,"June 5th, 2025"
250353B,31.7,57.1,"June 5th, 2025"
250354A,6.55,83.8,"June 5th, 2025"
250354B,6.47,84,"June 5th, 2025"
250355A,31.3,55.4,"June 5th, 2025"
250355B,29.7,57.2,"June 5th, 2025"
250356A,27.1,59,"June 5th, 2025"
250356B,27.1,57.9,"June 5th, 2025"
250357A,32.4,57.2,"June 5th, 2025"
250357B,32.4,57.3,"June 5th, 2025"
250358A,30.2,59.4,"June 5th, 2025"
250358B,29.5,61.3,"June 5th, 2025"
250359A,5.23,86.8,"June 5th, 2025"
250359B,5.05,87.3,"June 5th, 2025"
250360A,18.3,67.9,"June 5th, 2025"
250360B,16.8,70.1,"June 5th, 2025"
250361A,25.2,61.8,"June 5th, 2025"
250361B,25.6,60.8,"June 5th, 2025"
250362B,29.2,58.4,"June 5th, 2025"
250362B,28.7,58.9,"June 5th, 2025"
250363A,32.3,57.9,"June 5th, 2025"
250363B,34.4,55.9,"June 5th, 2025"
250364A,39.8,50.8,"June 5th, 2025"
250364B,38.4,53,"June 5th, 2025"
250365A,3.87,89.5,"June 5th, 2025"
250365B,4.35,88.6,"June 5th, 2025"
250366A,23.7,63.4,"June 5th, 2025"
250366B,25.8,61.3,"June 5th, 2025"
250367A,37.3,51.2,"June 5th, 2025"
250367B,37.1,51.4,"June 5th, 2025"
230048C,54.6,37.8,"May 21st, 2025"
230048D,53.7,37.4,"May 21st, 2025"
230050C,52,39.8,"May 21st, 2025"
230050D,56.1,35,"May 21st, 2025"
250198B,43.6,44.1,"May 21st, 2025"
250198B,44.4,43.5,"May 21st, 2025"
250199A,60.4,30.4,"May 21st, 2025"
250199B,56.1,34.5,"May 21st, 2025"
250200A,77.2,18.8,"May 21st, 2025"
250200B,76.5,19.6,"May 21st, 2025"
250202B,53.4,35.6,"May 21st, 2025"
250207A,37.5,48,"May 21st, 2025"
250207B,37,48.4,"May 21st, 2025"
250209A,68.7,27.3,"May 21st, 2025"
250209B,73.5,21.8,"May 21st, 2025"
250211A,44.6,45.5,"May 21st, 2025"
250211B,47.3,42.3,"May 21st, 2025"
250222A,9.63,83.5,"May 21st, 2025"
250222B,8.44,84.9,"May 21st, 2025"
250223A,20.9,72.5,"May 21st, 2025"
250223B,21.9,71.5,"May 21st, 2025"
250224A,44.5,51.6,"May 21st, 2025"
250224B,39.3,56.9,"May 21st, 2025"
250237B,54,36.6,"May 21st, 2025"
250255A,38.2,49,"May 21st, 2025"
250255B,43.3,43.5,"May 21st, 2025"
250261A,8.3,83.5,"May 21st, 2025"
250261B,9.16,82.7,"May 21st, 2025"
250202C,48.3,40.8,"May 23rd, 2025"
250214A,7.18,85.7,"May 23rd, 2025"
250214B,10.4,82.5,"May 23rd, 2025"
250215A,19,74.4,"May 23rd, 2025"
250215B,20.1,73.7,"May 23rd, 2025"
250216A,11.5,82.1,"May 23rd, 2025"
250216B,10.8,83.1,"May 23rd, 2025"
250217A,7.75,86.1,"May 23rd, 2025"
250217B,4.77,90.1,"May 23rd, 2025"
250218A,48.5,42.6,"May 23rd, 2025"
250218B,47.4,46.6,"May 23rd, 2025"
250219A,4.73,90.3,"May 23rd, 2025"
250219B,4.34,90.7,"May 23rd, 2025"
250225A,6.52,89.1,"May 23rd, 2025"
250225B,6.01,89.9,"May 23rd, 2025"
250226A,6.58,87.3,"May 23rd, 2025"
250226B,5.31,88.8,"May 23rd, 2025"
250227A,8.12,84.7,"May 23rd, 2025"
250227B,7.44,85.7,"May 23rd, 2025"
250228A,8.28,84.6,"May 23rd, 2025"
250228B,5.83,87.5,"May 23rd, 2025"
250229A,22.8,72.3,"May 23rd, 2025"
250229B,21.5,73.4,"May 23rd, 2025"
250258A,5,88.8,"May 23rd, 2025"
250258B,4.64,89.7,"May 23rd, 2025"
250259A,0.78,98,"May 23rd, 2025"
250259B,7.96,85.3,"May 23rd, 2025"
250260A,12.2,80.1,"May 23rd, 2025"
250260B,15,76.2,"May 23rd, 2025"
250262A,28.4,66.6,"May 23rd, 2025"
250262B,32.6,57.4,"May 23rd, 2025"
250308A,6.4,81.7,"May 29th, 2025"
250308B,6.13,82.7,"May 29th, 2025"
250309A,29,56.9,"May 29th, 2025"
250309B,27.6,58.7,"May 29th, 2025"
250310A,24.1,61,"May 29th, 2025"
250310B,25.8,59.3,"May 29th, 2025"
250314A,20,69.4,"May 29th, 2025"
250314B,18.2,70.8,"May 29th, 2025"
250315A,5.69,84.8,"May 29th, 2025"
250315B,5.39,86.3,"May 29th, 2025"
250316A,43.4,45.8,"May 29th, 2025"
250316B,44.5,44.3,"May 29th, 2025"
250318A,65.5,28.8,"May 29th, 2025"
250318B,65.1,29.3,"May 29th, 2025"
250319A,54,39.1,"May 29th, 2025"
250319B,54.1,38.5,"May 29th, 2025"
250322A,55.5,35.4,"May 29th, 2025"
250322B,54.6,35.9,"May 29th, 2025"
250323A,57.9,34.9,"May 29th, 2025"
250323B,59.1,34,"May 29th, 2025"
250324A,5.49,87.7,"May 29th, 2025"
250324B,5.15,88.2,"May 29th, 2025"
250325A,36.3,54.2,"May 29th, 2025"
250325B,38.8,51.4,"May 29th, 2025"
250326A,31.7,60.1,"May 29th, 2025"
250326B,35.7,55.1,"May 29th, 2025"
250327A,5.11,86.2,"May 29th, 2025"
250327B,4.58,87,"May 29th, 2025"
250328A,8.57,77,"May 29th, 2025"
250328B,8.88,76.4,"May 29th, 2025"
250311A,18,65.9,"May 30th, 2025"
250311B,18.3,66.2,"May 30th, 2025"
250312A,12.1,73.6,"May 30th, 2025"
250312B,12.6,72.9,"May 30th, 2025"
250313A,21.3,65.9,"May 30th, 2025"
250313B,16.9,71.1,"May 30th, 2025"
250317A,55.6,35.1,"May 30th, 2025"
250317B,54.7,35.7,"May 30th, 2025"
250320A,11.6,70,"May 30th, 2025"
250320B,13.4,66.1,"May 30th, 2025"
250321A,38.1,47.9,"May 30th, 2025"
250321B,36.3,50.3,"May 30th, 2025"
250329A,11.5,73.3,"May 30th, 2025"
240311A,5.65,85.5,"May 31, 2024"
240311B,5.35,86.9,"May 31, 2024"
240312A,16.4,73.5,"May 31, 2024"
240312B,15,74.9,"May 31, 2024"
240313A,24.8,64.1,"May 31, 2024"
240313B,22.7,66.5,"May 31, 2024"
240314A,67.7,27.9,"May 31, 2024"
240314B,65.7,29.5,"May 31, 2024"
240315A,52.8,41.3,"May 31, 2024"
240315B,53.8,40.9,"May 31, 2024"
240316A,5.51,85.9,"May 31, 2024"
240316B,5.23,87.1,"May 31, 2024"
240317A,7.51,83.5,"May 31, 2024"
240317B,8.03,83,"May 31, 2024"
240318A,39.4,50.6,"May 31, 2024"
240318B,38.2,51.9,"May 31, 2024"
240319A,40.5,50.2,"May 31, 2024"
240319B,40.4,50.2,"May 31, 2024"
240320A,68.1,27.5,"May 31, 2024"
240320B,64.9,30.4,"May 31, 2024"
240321A,69.7,26.4,"May 31, 2024"
240321B,68.6,27.7,"May 31, 2024"
240322A,29.5,62.1,"May 31, 2024"
240322B,27.6,63.7,"May 31, 2024"
240323A,65.4,29.4,"May 31, 2024"
240323B,65.9,28.7,"May 31, 2024"
240324A,74.3,22.2,"May 31, 2024"
240324B,74.5,22.1,"May 31, 2024"
240325A,73.9,23.3,"May 31, 2024"
240325B,72.8,24.1,"May 31, 2024"
240326A,74.6,22.7,"May 31, 2024"
240326B,73.1,24.8,"May 31, 2024"
250246A,70.6,25.8,"November 6th, 2025"
250247A,83.9,14.1,"November 6th, 2025"
250251A,71.7,23.2,"November 6th, 2025"
250252A,75.9,20.1,"November 6th, 2025"
250445A,75.3,21.4,"November 6th, 2025"
250449A,68.4,27.3,"November 6th, 2025"
250450A,81.2,17,"November 6th, 2025"
250467A,71.3,24.7,"November 6th, 2025"
250482A,68.6,26.4,"November 6th, 2025"
250483A,73.8,22.4,"November 6th, 2025"
250492A,75.4,22.5,"November 6th, 2025"
250497A,69.6,27.5,"November 6th, 2025"
250511A,72.9,23.8,"November 6th, 2025"
250203A,69.2,25.4,"October 16th, 2025"
250204A,75.7,20.3,"October 16th, 2025"
250208A,63,29.5,"October 16th, 2025"
250230A,53.6,37.1,"October 16th, 2025"
250231A,27.5,35.2,"October 16th, 2025"
250232A,37.1,40,"October 16th, 2025"
250233A,57.6,30.5,"October 16th, 2025"
250234A,74,22.1,"October 16th, 2025"
250234A,71.8,21.7,"October 16th, 2025"
250235A,67.3,26.5,"October 16th, 2025"
250238A,69.6,24.9,"October 16th, 2025"
250242A,63.8,28.8,"October 16th, 2025"
250243A,77.9,18.6,"October 16th, 2025"
250245A,51.1,38.6,"October 16th, 2025"
250250A,57,34,"October 16th, 2025"
250268A,61.9,31.7,"October 16th, 2025"
250269A,71,24.3,"October 16th, 2025"
250317A,51.8,39.3,"October 16th, 2025"
250444A,62.3,30.8,"October 16th, 2025"
250446A,71.7,24.6,"October 16th, 2025"
250475A,68.3,23.4,"October 16th, 2025"
250476A,66.4,23.8,"October 16th, 2025"
250477A,73.5,21,"October 16th, 2025"
250478A,75,20.3,"October 16th, 2025"
250481A,50.4,39,"October 16th, 2025"
250491A,63.4,30.2,"October 16th, 2025"
250496A,67,27.2,"October 16th, 2025"
250509A,62.1,32,"October 16th, 2025"
250520A,58.7,35,"October 16th, 2025"
250525A,67,27.9,"October 16th, 2025"
250526A,70.6,26.2,"October 16th, 2025"
251510A,51.2,40.1,"October 16th, 2025"
250396B,100,0,TEST
